1;Architects
1;Associations
1;Building Alterations
1;Building Materials
1;Cad Systems
1;Construction Estimating Services
1;Design Build--Architects & Engineers
1;Design Build--General Contractors
1;General Contractors
1;Interior Designers
1;Landscape Architects
3;Cement
3;Concrete Additives & Curing Compounds
3;Concrete Blocks--Lt. Weight, Glazed
3;Concrete Breaking, Sawing & Drilling
3;Concrete Contrs.--Reinforced Concrete
3;Concrete Contrs.--Sidewalks/Floors/Curbs
3;Concrete Contrs.--Tilt-Up Construction
3;Concrete Inserts
3;Concrete Pipe
3;Concrete Polishing
3;Concrete Pumping Service
3;Concrete Repair & Restoration Contrs.
3;Concrete Repair & Restoration Materials
3;Concrete Washout Systems
3;Concrete--Lightweight
3;Concrete--Post-Tensioning
3;Concrete--Precast-Arch. & Struct.
3;Concrete--Precast-Sanitary, Drainage
3;Concrete--Stamped, Stained & Decorative
3;Floor Underlayments
3;Foundation Contractors--Concrete & Block
3;Pervious Concrete Pavement
3;Ready Mixed Concrete
3;Tanks--Concrete
17;Backhoes & Trenchers
17;Bulldozers
17;Concrete Batch Plants
17;Concrete Breaking & Cutting Equipment
17;Concrete Buggies
17;Concrete Finishing Machines
17;Concrete Mixers
17;Concrete Pumping, Gunite & Shotcrete Equipment
17;Concrete Stamping Tools & Equipment
17;Concrete Vibrators
17;Contractors Equipment - Rental, Sales & Service
17;Dump Trucks & Dump Trailers
17;Excavators-Hydraulic
17;Front-End Loaders
17;Ladders
17;Masonry Saws
17;Paving Equipment -Asphalt & Concrete
17;Portable Tools
17;Safety & Protective Clothing
17;Safety Equipment Supply Houses
17;Scaffolding
17;Spray Equip.
17;Stapling, Tacking & Nailing Devices
17;Surface Preparation Equipment
17;Surveying Instruments & Equipment
17;Tarpaulins
17;Truck Centers--Construction
17;Truck Equipment & Accessories
8;Doors--Alum., Bronze & Stainless Steel
8;Glass & Glazing Contractors
8;Glass Manufacturers & Distributors
8;Glass Restoration & Protection
8;Glass--Stained, Leaded & Art
8;Glass--Tinting & Coating
8;Hardware--Builders Finishing Hardware
8;Hardware--Builders Heavy Hardware
8;Screens--Door & Window
8;Shower Doors & Bathtub Enclosures
8;Sidewalk Doors
8;Skylights & Sky Domes
8;Sliding Doors
8;Storm Windows & Doors
8;Vinyl & Fiberglass Windows
8;Weatherstrips
8;Wood Doors - Solid & Veneered
8;Wood Windows
16;Electrical Contractors
16;Electrical Supply Houses
16;Lighting Fixtures & Equipment
11;Appliances--Major
11;Swimming Pool Equipment
18;Air Duct Cleaning
18;Post Construction Clean Up
18;Rubbish Removal
9;Carpets & Rugs
9;Conductive Flooring
9;Drywall Contractors
9;Drywall Supplies
9;Floor Treatments/Coatings/Preservatives
9;Paint & Varnish Mfrs. & Distributors
9;Painting Contractors
9;Plastering & Lathing Contractors
9;Resilient Floor Contractors
9;Resilient Floor Suppliers
9;Rubber Floors
9;Seamless Floors
9;Stucco Contractors
9;Stucco Manufacturers & Distributors
9;Terrazzo Contractors
9;Tile Contractors
9;Tile Manufacturers & Distributors
9;Wall Coverings & Wallpapers
9;Wood Block Floors
9;Wood Floors - Hardwood, Parquet
12;Closet Systems
12;Drapery Sales, Services & Accessories
12;Shutters--Interior & Exterior
12;Window Treatments & Coverings
4;Anchors--Masonry & Concrete
4;Brick--Face & Common
4;Brickfacing & Stonefacing
4;Glass Block
4;Marble & Granite
4;Marble Refinishing
4;Marble--Cultured
4;Mason Contractors
4;Mason Materials
4;Masonry Wall Reinforcement
4;Slate
4;Smoke Stacks & Chimneys
4;Stone Masons
4;Stone Renovating
4;Stone Setters
4;Stone--Natural
4;Terra Cotta--Architectural
4;Tuckpointing
15;Air Conditioning Contractors
15;Air Conditioning Equipment
15;Heating Contractors
15;Heating Equip.--Electric, Gas & Infrared
15;Pipe Fabricators & Suppliers
15;Plumbing Contractors
15;Plumbing Fixtures & Supplies
2;Asphalt Profiling/Recycling/Scarifying
2;Demolition Contractors
2;Excavating Contractors
2;Foundation Contractors--Geotechnical & Specialty
2;General Engineering Contractors
2;Landscape Construction
2;Landscape Materials & Equipment
2;Pavement Treatments, Coatings & Sealants
2;Pavers--Interlocking & Unit
2;Paving Contractors
2;Paving Fabrics
2;Paving Materials
2;Pipe--Footing & Underdrain
2;Portable Toilets
2;Recycling & Crushing-On-Site
2;Septic Tanks--Installation & Service
2;Sprinkler Systems--Lawn
2;Synthetic Turf
2;Tree Service
2;Wells
13;Bathroom & Kitchen Fixture Restoration
10;Bathroom Accessories
10;Hot Tubs, Spas & Whirlpool Baths
10;Kitchen Units--Compact Kitchens
10;Vacuum Cleaning Systems--Built-In
10;Vaults, Safes & Systems Equipment
7;Gutters & Downspouts
7;Insulation Contractors--Cold & Heat
7;Insulation Materials--Cold & Heat
7;Roof Accessories
7;Roof Coatings
7;Roof Deck--Concrete, Gypsum, Wood, Etc.
7;Roof Vacuuming & Cleaning
7;Roofing Contractors
7;Roofing Materials
7;Siding Contractors
7;Siding Materials
7;Waterproofing Contractors
7;Waterproofing Materials
6;Architectural & Cabinet Woodwork
6;Carpentry Contractors
6;Kitchen Cabinets
6;Lumber & Timber
6;Lumber--Treated
6;Reclaimed Wood
6;Solid Surfaces, Countertops & Laminates
6;Wood Restoration & Refinishing
6;Wood Roof Trusses
6;Wood Shelving
6;Wood Stairs
6;Wood Tanks
